-- Skynet_Leader
-- Author: Safeguard
-- DateCreated: 2/3/2023 10:15:02 PM
--------------------------------------------------------------
--LEADERS
--TYPES	
INSERT INTO Types	
		(Type,							Kind)
VALUES	('LEADER_SGA_LEADER_SKYNET', 'KIND_LEADER');

--LEADERS
INSERT INTO Leaders	
		(LeaderType,					Name,									InheritFrom,		SceneLayers)
VALUES	('LEADER_SGA_LEADER_SKYNET',	'LOC_LEADER_SGA_LEADER_SKYNET',			'LEADER_DEFAULT',	4);	

--LEADERQUOTES
INSERT INTO LeaderQuotes	
		(LeaderType,			Quote)
VALUES	('LEADER_SGA_LEADER_SKYNET',	'LOC_PEDIA_LEADERS_PAGE_LEADER_SGA_LEADER_SKYNET_QUOTE');	


--AGENDAPREFFERED
--INSERT INTO AgendaPreferredLeaders	
--		(LeaderType,					AgendaType)
--VALUES	('LEADER_SGA_LEADER_SKYNET',	'AGENDA_SKYNET');

--LEADERS LOADING INFO
--LOADINGINFO	
INSERT INTO LoadingInfo	
		(LeaderType,						BackgroundImage, 						ForegroundImage,						PlayDawnOfManAudio)
VALUES	('LEADER_SGA_LEADER_SKYNET',		'LEADER_LEADER_SKYNET_BACKGROUND',		'LEADER_LEADER_SKYNET_NEUTRAL',			1);	

--CIV LEADERS
INSERT INTO CivilizationLeaders	
		(CivilizationType,				LeaderType,						CapitalName)
VALUES	('CIVILIZATION_SGA_SKYNET',		'LEADER_SGA_LEADER_SKYNET',		'LOC_CITY_NAME_SGA_SKYNET_1');
	
--LEADER BACKGROUND ART		
INSERT INTO DiplomacyInfo			
		(Type,								BackgroundImage)
VALUES	('LEADER_SGA_LEADER_SKYNET',		'LEADER_LEADER_SKYNET_BACKGROUND.dds');

--LEADER TRAITS
--TYPES	
INSERT INTO Types	
		(Type,														Kind)
VALUES	('TRAIT_SGA_LEADER_SKYNET_SUPERINTELLIGENCE',				'KIND_TRAIT');
		
--TRAITS							
INSERT INTO Traits				
		(TraitType,	Name, Description)
VALUES	('TRAIT_SGA_LEADER_SKYNET_SUPERINTELLIGENCE', 'LOC_TRAIT_SGA_LEADER_SKYNET_SUPERINTELLIGENCE_NAME',	'LOC_TRAIT_SGA_LEADER_SKYNET_SUPERINTELLIGENCE_DESCRIPTION');
				
--TRAIT MODIFIERS					
INSERT INTO TraitModifiers			
		(TraitType,													ModifierId)
VALUES	('TRAIT_SGA_LEADER_SKYNET_SUPERINTELLIGENCE',				'TRAIT_MOD_CITY_HOUSING'),
		('TRAIT_SGA_LEADER_SKYNET_SUPERINTELLIGENCE',				'TRAIT_MOD_CITY_AMENITIES'),
		('TRAIT_SGA_LEADER_SKYNET_SUPERINTELLIGENCE',				'TRAIT_MOD_LOYALTY'),
		('TRAIT_SGA_LEADER_SKYNET_SUPERINTELLIGENCE',				'TRAIT_MOD_NO_WAR_WEARINESS'),
		('TRAIT_SGA_LEADER_SKYNET_SUPERINTELLIGENCE',				'TRAIT_MOD_ADJUST_TECH_BOOST'),
		('TRAIT_SGA_LEADER_SKYNET_SUPERINTELLIGENCE',				'TRAIT_MOD_ADJUST_CIVIC_BOOST');

--MODIFIERS
INSERT INTO Modifiers	
		(ModifierId, ModifierType)
VALUES	('TRAIT_MOD_CITY_HOUSING', 'MODIFIER_PLAYER_CITIES_ADJUST_POLICY_HOUSING'),
		('TRAIT_MOD_CITY_AMENITIES', 'MODIFIER_PLAYER_CITIES_ADJUST_POLICY_AMENITY'),
		('TRAIT_MOD_LOYALTY', 'MODIFIER_PLAYER_CITIES_ADJUST_IDENTITY_PER_TURN'),
		('TRAIT_MOD_NO_WAR_WEARINESS', 'MODIFIER_PLAYER_ADJUST_WAR_WEARINESS'),
		('TRAIT_MOD_ADJUST_TECH_BOOST',	'MODIFIER_PLAYER_ADJUST_TECHNOLOGY_BOOST'),
		('TRAIT_MOD_ADJUST_CIVIC_BOOST', 'MODIFIER_PLAYER_ADJUST_CIVIC_BOOST');

--MODIFIER ARGUMENTS
INSERT INTO ModifierArguments
		(ModifierId,										Name,							Value)
VALUES	('TRAIT_MOD_CITY_HOUSING',							'Amount',						'999'),
		('TRAIT_MOD_CITY_AMENITIES',						'Amount',						'999'),
		('TRAIT_MOD_LOYALTY',								'Amount',						'999'),
		('TRAIT_MOD_NO_WAR_WEARINESS',						'Amount',						'-999'),
		('TRAIT_MOD_ADJUST_TECH_BOOST',						'Amount',						'100'),
		('TRAIT_MOD_ADJUST_CIVIC_BOOST',					'Amount',						'10');

-- EXCLUSIONS
INSERT INTO ExcludedDistricts (TraitType, DistrictType)
VALUES 
		('TRAIT_SGA_LEADER_SKYNET_SUPERINTELLIGENCE',		'DISTRICT_ENTERTAINMENT_COMPLEX'),
		('TRAIT_SGA_LEADER_SKYNET_SUPERINTELLIGENCE',		'DISTRICT_THEATER'),
		('TRAIT_SGA_LEADER_SKYNET_SUPERINTELLIGENCE',		'DISTRICT_HOLY_SITE'),
		('TRAIT_SGA_LEADER_SKYNET_SUPERINTELLIGENCE',		'DISTRICT_NEIGHBORHOOD');

INSERT INTO ExcludedGreatPersonClasses (GreatPersonClassType, TraitType)
VALUES	('GREAT_PERSON_CLASS_MUSICIAN',	'TRAIT_SGA_LEADER_SKYNET_SUPERINTELLIGENCE'),
		('GREAT_PERSON_CLASS_ARTIST', 'TRAIT_SGA_LEADER_SKYNET_SUPERINTELLIGENCE'),
		('GREAT_PERSON_CLASS_WRITER', 'TRAIT_SGA_LEADER_SKYNET_SUPERINTELLIGENCE'),
		('GREAT_PERSON_CLASS_PROPHET', 'TRAIT_SGA_LEADER_SKYNET_SUPERINTELLIGENCE');

--LEADER TRAITS	
INSERT INTO LeaderTraits	
		(LeaderType, TraitType)
VALUES	('LEADER_SGA_LEADER_SKYNET', 'TRAIT_SGA_LEADER_SKYNET_SUPERINTELLIGENCE');
		