-- Skynet_Buildings
-- Author: Safeguard
-- DateCreated: 3/29/2023 2:44:19 PM
--------------------------------------------------------------
INSERT INTO Types (Type, Kind)
VALUES	('BUILDING_SGA_SKYNET_CENTRAL_CORE', 'KIND_BUILDING'),
		('BUILDING_SGA_SKYNET_HUB', 'KIND_BUILDING'),
		('BUILDING_SGA_SKYNET_ORBITAL_PLATFORM', 'KIND_BUILDING'),
		('BUILDING_SGA_SKYNET_GRIFFITH_OBSERVATORY', 'KIND_BUILDING'),
		('BUILDING_SGA_SKYNET_CYBERDYNE_SYSTEMS_HEADQUARTERS', 'KIND_BUILDING'),
		('BUILDING_SGA_SKYNET_CONTROL_NEXUS', 'KIND_BUILDING'),
		('BUILDING_SGA_SKYNET_TIME_DISPLACEMENT_EQUIPMENT', 'KIND_BUILDING'),
-------------------------------------------------------------- SKYNET DEVELOPMENT FACILITIES
		('BUILDING_SGA_SKYNET_COLD_FUSION_REACTOR', 'KIND_BUILDING'),
		('BUILDING_SGA_SKYNET_SECRET_TERMINATOR_LAB', 'KIND_BUILDING'),
		('BUILDING_SGA_SKYNET_TIER_1_TERMINATOR_FACTORY', 'KIND_BUILDING'),
		('BUILDING_SGA_SKYNET_TIER_1_HK_GROUND_FACTORY', 'KIND_BUILDING'),
		('BUILDING_SGA_SKYNET_TIER_1_HK_AERIAL_FACTORY', 'KIND_BUILDING'),
		('BUILDING_SGA_SKYNET_PLASMA_GENERATOR', 'KIND_BUILDING'),
		('BUILDING_SGA_SKYNET_TIER_2_TERMINATOR_FACTORY', 'KIND_BUILDING'),
		('BUILDING_SGA_SKYNET_TIER_2_HK_GROUND_FACTORY', 'KIND_BUILDING'),
		('BUILDING_SGA_SKYNET_TIER_2_HK_AERIAL_FACTORY', 'KIND_BUILDING'),
		('BUILDING_SGA_SKYNET_COLD_FUSION_GENERATOR', 'KIND_BUILDING'),
		('BUILDING_SGA_SKYNET_TIER_3_TERMINATOR_FACTORY', 'KIND_BUILDING'),
		('BUILDING_SGA_SKYNET_ANTIMATTER_GENERATOR', 'KIND_BUILDING'),	
-------------------------------------------------------------- SKYNET RESEARCH FACILITIES
		('BUILDING_SGA_SKYNET_VLA', 'KIND_BUILDING'),
		('BUILDING_SGA_SKYNET_RD_FACILITY', 'KIND_BUILDING'),
		('BUILDING_SGA_SKYNET_BAKERS_HOLLOW', 'KIND_BUILDING'),
		('BUILDING_SGA_SKYNET_BEDFORD_FALLS', 'KIND_BUILDING'),
		('BUILDING_SGA_SKYNET_CYBERDYNE_SYSTEMS_FACILITY', 'KIND_BUILDING'),
		('BUILDING_SGA_SKYNET_CYBER_RESEARCH_SYSTEMS_FACILITY', 'KIND_BUILDING'),
		('BUILDING_SGA_SKYNET_CYBERDYNE_SYSTEMS_LABORATORY', 'KIND_BUILDING'),
-------------------------------------------------------------- SKYNET ENCAMPMENT REPLACEMENTS/ADDITIONS
		('BUILDING_SGA_SKYNET_WORK_CAMP', 'KIND_BUILDING'),
		('BUILDING_SGA_SKYNET_DEPOT_37', 'KIND_BUILDING'),
		('BUILDING_SGA_SKYNET_HK_AERIAL_HANGAR', 'KIND_BUILDING'),
		-- BUILDING POPULATION MODIFIER
		('MODIFIER_SGA_SKYNET_BUILDING_ADD_POPULATION', 'KIND_MODIFIER'),
		('MODIFIER_SGA_SKYNET_UNIT_ADJUST_COMBAT', 'KIND_MODIFIER');

INSERT INTO DynamicModifiers (ModifierType, CollectionType, EffectType)
VALUES	('MODIFIER_SGA_SKYNET_BUILDING_ADD_POPULATION', 'COLLECTION_OWNER', 'EFFECT_ADJUST_CITY_POPULATION'),
		('MODIFIER_SGA_SKYNET_UNIT_ADJUST_COMBAT', 'COLLECTION_OWNER', 'EFFECT_ADJUST_PLAYER_STRENGTH_MODIFIER');

INSERT INTO Buildings (BuildingType,
						Name,
						Description,
						PrereqTech,
						PrereqDistrict,
						PurchaseYield,
						Cost,
						AdvisorType,
						Maintenance,
						TraitType)
VALUES	
-------------------------------------------------------------- SKYNET CENTRAL --------------------------------------------------------------
		('BUILDING_SGA_SKYNET_CENTRAL_CORE', -- BuildingType
		'LOC_BUILDING_SGA_SKYNET_CENTRAL_CORE_NAME', -- Name
		'LOC_SGA_SKYNET_CENTRAL_CORE_DESCRIPTION', -- Description
		'TECH_WRITING', -- PrereqTech
		'DISTRICT_SPACEPORT', -- PrereqDistrict
		'YIELD_GOLD', -- PurchaseYield
		'100', -- Cost
		'ADVISOR_TECHNOLOGY', -- AdvisorType
		'0', -- Maintenance
		'TRAIT_CIVILIZATION_SGA_SKYNET_BUILDING_FACILITIES'), -- TraitType
--------------------------------------------------------------
		('BUILDING_SGA_SKYNET_HUB', -- BuildingType
		'LOC_BUILDING_SGA_SKYNET_HUB_NAME', -- Name
		'LOC_SGA_SKYNET_HUB_DESCRIPTION', -- Description
		'TECH_MATHEMATICS', -- PrereqTech
		'DISTRICT_SPACEPORT', -- PrereqDistrict
		'YIELD_GOLD', -- PurchaseYield
		'150', -- Cost
		'ADVISOR_TECHNOLOGY', -- AdvisorType
		'0', -- Maintenance
		'TRAIT_CIVILIZATION_SGA_SKYNET_BUILDING_FACILITIES'), -- TraitType
--------------------------------------------------------------
		('BUILDING_SGA_SKYNET_ORBITAL_PLATFORM', -- BuildingType
		'LOC_BUILDING_SGA_SKYNET_ORBITAL_PLATFORM_NAME', -- Name
		'LOC_SGA_SKYNET_ORBITAL_PLATFORM_DESCRIPTION', -- Description
		'TECH_ENGINEERING', -- PrereqTech
		'DISTRICT_SPACEPORT', -- PrereqDistrict
		'YIELD_GOLD', -- PurchaseYield
		'225', -- Cost
		'ADVISOR_GENERIC', -- AdvisorType
		'0', -- Maintenance
		'TRAIT_CIVILIZATION_SGA_SKYNET_BUILDING_FACILITIES'), -- TraitType
--------------------------------------------------------------
		('BUILDING_SGA_SKYNET_GRIFFITH_OBSERVATORY', -- BuildingType
		'LOC_BUILDING_SGA_SKYNET_GRIFFITH_OBSERVATORY_NAME', -- Name
		'LOC_SGA_SKYNET_GRIFFITH_OBSERVATORY_DESCRIPTION', -- Description
		'TECH_MATHEMATICS', -- PrereqTech
		'DISTRICT_SPACEPORT', -- PrereqDistrict
		'YIELD_GOLD', -- PurchaseYield
		'325', -- Cost
		'ADVISOR_GENERIC', -- AdvisorType
		'0', -- Maintenance
		'TRAIT_CIVILIZATION_SGA_SKYNET_BUILDING_FACILITIES'), -- TraitType
--------------------------------------------------------------
		('BUILDING_SGA_SKYNET_CYBERDYNE_SYSTEMS_HEADQUARTERS', -- BuildingType
		'LOC_BUILDING_SGA_SKYNET_CYBERDYNE_SYSTEMS_HEADQUARTERS_NAME', -- Name
		'LOC_SGA_SKYNET_CYBERDYNE_SYSTEMS_HEADQUARTERS_DESCRIPTION', -- Description
		'TECH_CHEMISTRY', -- PrereqTech
		'DISTRICT_SPACEPORT', -- PrereqDistrict
		'YIELD_GOLD', -- PurchaseYield
		'450', -- Cost
		'ADVISOR_TECHNOLOGY', -- AdvisorType
		'0', -- Maintenance
		'TRAIT_CIVILIZATION_SGA_SKYNET_BUILDING_FACILITIES'), -- TraitType
--------------------------------------------------------------
		('BUILDING_SGA_SKYNET_CONTROL_NEXUS', -- BuildingType
		'LOC_BUILDING_SGA_SKYNET_CONTROL_NEXUS_NAME', -- Name
		'LOC_SGA_SKYNET_CONTROL_NEXUS_DESCRIPTION', -- Description
		'TECH_COMBINED_ARMS', -- PrereqTech
		'DISTRICT_SPACEPORT', -- PrereqDistrict
		'YIELD_GOLD', -- PurchaseYield
		'600', -- Cost
		'ADVISOR_CONQUEST', -- AdvisorType
		'0', -- Maintenance
		'TRAIT_CIVILIZATION_SGA_SKYNET_BUILDING_FACILITIES'), -- TraitType
--------------------------------------------------------------
		('BUILDING_SGA_SKYNET_TIME_DISPLACEMENT_EQUIPMENT', -- BuildingType
		'LOC_BUILDING_SGA_SKYNET_TIME_DISPLACEMENT_EQUIPMENT_NAME', -- Name
		'LOC_SGA_SKYNET_TIME_DISPLACEMENT_EQUIPMENT_DESCRIPTION', -- Description
		'TECH_TELECOMMUNICATIONS', -- PrereqTech
		'DISTRICT_SPACEPORT', -- PrereqDistrict
		'YIELD_GOLD', -- PurchaseYield
		'725', -- Cost
		'ADVISOR_TECHNOLOGY', -- AdvisorType
		'0', -- Maintenance
		'TRAIT_CIVILIZATION_SGA_SKYNET_BUILDING_FACILITIES'), -- TraitType
-------------------------------------------------------------- SKYNET RESEARCH FACILITIES --------------------------------------------------------------
		('BUILDING_SGA_SKYNET_VLA', -- BuildingType
		'LOC_BUILDING_SGA_SKYNET_VLA_NAME', -- Name
		'LOC_SGA_SKYNET_VLA_DESCRIPTION', -- Description
		'TECH_WRITING', -- PrereqTech
		'DISTRICT_CAMPUS', -- PrereqDistrict
		'YIELD_GOLD', -- PurchaseYield
		'50', -- Cost
		'ADVISOR_TECHNOLOGY', -- AdvisorType
		'0', -- Maintenance
		'TRAIT_CIVILIZATION_SGA_SKYNET_BUILDING_FACILITIES'), -- TraitType
--------------------------------------------------------------
		('BUILDING_SGA_SKYNET_RD_FACILITY', -- BuildingType
		'LOC_BUILDING_SGA_SKYNET_RD_FACILITY_NAME', -- Name
		'LOC_SGA_SKYNET_RD_FACILITY_DESCRIPTION', -- Description
		'TECH_MATHEMATICS', -- PrereqTech
		'DISTRICT_CAMPUS', -- PrereqDistrict
		'YIELD_GOLD', -- PurchaseYield
		'100', -- Cost
		'ADVISOR_TECHNOLOGY', -- AdvisorType
		'0', -- Maintenance
		'TRAIT_CIVILIZATION_SGA_SKYNET_BUILDING_FACILITIES'), -- TraitType
--------------------------------------------------------------
		('BUILDING_SGA_SKYNET_BAKERS_HOLLOW', -- BuildingType
		'LOC_BUILDING_SGA_SKYNET_BAKERS_HOLLOW_NAME', -- Name
		'LOC_SGA_SKYNET_BAKERS_HOLLOW_DESCRIPTION', -- Description
		'TECH_MILITARY_TACTICS', -- PrereqTech
		'DISTRICT_CAMPUS', -- PrereqDistrict
		'YIELD_GOLD', -- PurchaseYield
		'175', -- Cost
		'ADVISOR_TECHNOLOGY', -- AdvisorType
		'0', -- Maintenance
		'TRAIT_CIVILIZATION_SGA_SKYNET_BUILDING_FACILITIES'), -- TraitType
--------------------------------------------------------------
		('BUILDING_SGA_SKYNET_BEDFORD_FALLS', -- BuildingType
		'LOC_BUILDING_SGA_SKYNET_BEDFORD_FALLS_NAME', -- Name
		'LOC_SGA_SKYNET_BEDFORD_FALLS_DESCRIPTION', -- Description
		'TECH_CARTOGRAPHY', -- PrereqTech
		'DISTRICT_CAMPUS', -- PrereqDistrict
		'YIELD_GOLD', -- PurchaseYield
		'275', -- Cost
		'ADVISOR_TECHNOLOGY', -- AdvisorType
		'0', -- Maintenance
		'TRAIT_CIVILIZATION_SGA_SKYNET_BUILDING_FACILITIES'), -- TraitType
--------------------------------------------------------------
		('BUILDING_SGA_SKYNET_CYBERDYNE_SYSTEMS_FACILITY', -- BuildingType
		'LOC_BUILDING_SGA_SKYNET_CYBERDYNE_SYSTEMS_FACILITY_NAME', -- Name
		'LOC_SGA_SKYNET_CYBERDYNE_SYSTEMS_FACILITY_DESCRIPTION', -- Description
		'TECH_CARTOGRAPHY', -- PrereqTech
		'DISTRICT_CAMPUS', -- PrereqDistrict
		'YIELD_GOLD', -- PurchaseYield
		'400', -- Cost
		'ADVISOR_TECHNOLOGY', -- AdvisorType
		'0', -- Maintenance
		'TRAIT_CIVILIZATION_SGA_SKYNET_BUILDING_FACILITIES'), -- TraitType
--------------------------------------------------------------
		('BUILDING_SGA_SKYNET_CYBER_RESEARCH_SYSTEMS_FACILITY', -- BuildingType
		'LOC_BUILDING_SGA_SKYNET_CYBER_RESEARCH_SYSTEMS_FACILITY_NAME', -- Name
		'LOC_SGA_SKYNET_CYBER_RESEARCH_SYSTEMS_FACILITY_DESCRIPTION', -- Description
		'TECH_MILITARY_SCIENCE', -- PrereqTech
		'DISTRICT_CAMPUS', -- PrereqDistrict
		'YIELD_GOLD', -- PurchaseYield
		'550', -- Cost
		'ADVISOR_TECHNOLOGY', -- AdvisorType
		'0', -- Maintenance
		'TRAIT_CIVILIZATION_SGA_SKYNET_BUILDING_FACILITIES'), -- TraitType
--------------------------------------------------------------
		('BUILDING_SGA_SKYNET_CYBERDYNE_SYSTEMS_LABORATORY', -- BuildingType
		'LOC_BUILDING_SGA_SKYNET_CYBERDYNE_SYSTEMS_LABORATORY_NAME', -- Name
		'LOC_SGA_SKYNET_CYBERDYNE_SYSTEMS_LABORATORY_DESCRIPTION', -- Description
		'TECH_SCIENTIFIC_THEORY', -- PrereqTech
		'DISTRICT_CAMPUS', -- PrereqDistrict
		'YIELD_GOLD', -- PurchaseYield
		'725', -- Cost
		'ADVISOR_TECHNOLOGY', -- AdvisorType
		'0', -- Maintenance
		'TRAIT_CIVILIZATION_SGA_SKYNET_BUILDING_FACILITIES'), -- TraitType
-------------------------------------------------------------- SKYNET DEVELOPMENT FACILITIES --------------------------------------------------------------
		('BUILDING_SGA_SKYNET_COLD_FUSION_REACTOR', -- BuildingType
		'LOC_BUILDING_SGA_SKYNET_COLD_FUSION_REACTOR_NAME', -- Name
		'LOC_SGA_SKYNET_COLD_FUSION_REACTOR_DESCRIPTION', -- Description
		'TECH_BRONZE_WORKING', -- PrereqTech
		'DISTRICT_INDUSTRIAL_ZONE', -- PrereqDistrict
		'YIELD_GOLD', -- PurchaseYield
		'50', -- Cost
		'ADVISOR_TECHNOLOGY', -- AdvisorType
		'0', -- Maintenance
		'TRAIT_CIVILIZATION_SGA_SKYNET_BUILDING_FACILITIES'), -- TraitType
--------------------------------------------------------------
		('BUILDING_SGA_SKYNET_SECRET_TERMINATOR_LAB', -- BuildingType
		'LOC_BUILDING_SGA_SKYNET_SECRET_TERMINATOR_LAB_NAME', -- Name
		'LOC_SGA_SKYNET_SECRET_TERMINATOR_LAB_DESCRIPTION', -- Description
		'TECH_CELESTIAL_NAVIGATION', -- PrereqTech
		'DISTRICT_INDUSTRIAL_ZONE', -- PrereqDistrict
		'YIELD_GOLD', -- PurchaseYield
		'100', -- Cost
		'ADVISOR_TECHNOLOGY', -- AdvisorType
		'0', -- Maintenance
		'TRAIT_CIVILIZATION_SGA_SKYNET_BUILDING_FACILITIES'), -- TraitType
--------------------------------------------------------------
		('BUILDING_SGA_SKYNET_TIER_1_TERMINATOR_FACTORY', -- BuildingType
		'LOC_BUILDING_SGA_SKYNET_TIER_1_TERMINATOR_FACTORY_NAME', -- Name
		'LOC_SGA_SKYNET_TIER_1_TERMINATOR_FACTORY_DESCRIPTION', -- Description
		'TECH_MILITARY_ENGINEERING', -- PrereqTech
		'DISTRICT_INDUSTRIAL_ZONE', -- PrereqDistrict
		'YIELD_GOLD', -- PurchaseYield
		'175', -- Cost
		'ADVISOR_TECHNOLOGY', -- AdvisorType
		'0', -- Maintenance
		'TRAIT_CIVILIZATION_SGA_SKYNET_BUILDING_FACILITIES'), -- TraitType
--------------------------------------------------------------
		('BUILDING_SGA_SKYNET_TIER_1_HK_GROUND_FACTORY', -- BuildingType
		'LOC_BUILDING_SGA_SKYNET_TIER_1_HK_GROUND_FACTORY_NAME', -- Name
		'LOC_SGA_SKYNET_TIER_1_HK_GROUND_FACTORY_DESCRIPTION', -- Description
		'TECH_MASS_PRODUCTION', -- PrereqTech
		'DISTRICT_INDUSTRIAL_ZONE', -- PrereqDistrict
		'YIELD_GOLD', -- PurchaseYield
		'275', -- Cost
		'ADVISOR_TECHNOLOGY', -- AdvisorType
		'0', -- Maintenance
		'TRAIT_CIVILIZATION_SGA_SKYNET_BUILDING_FACILITIES'), -- TraitType
--------------------------------------------------------------
		('BUILDING_SGA_SKYNET_TIER_1_HK_AERIAL_FACTORY', -- BuildingType
		'LOC_BUILDING_SGA_SKYNET_TIER_1_HK_AERIAL_FACTORY_NAME', -- Name
		'LOC_SGA_SKYNET_TIER_1_HK_AERIAL_FACTORY_DESCRIPTION', -- Description
		'TECH_MASS_PRODUCTION', -- PrereqTech
		'DISTRICT_INDUSTRIAL_ZONE', -- PrereqDistrict
		'YIELD_GOLD', -- PurchaseYield
		'400', -- Cost
		'ADVISOR_TECHNOLOGY', -- AdvisorType
		'0', -- Maintenance
		'TRAIT_CIVILIZATION_SGA_SKYNET_BUILDING_FACILITIES'), -- TraitType
--------------------------------------------------------------
		('BUILDING_SGA_SKYNET_PLASMA_GENERATOR', -- BuildingType
		'LOC_BUILDING_SGA_SKYNET_PLASMA_GENERATOR_NAME', -- Name
		'LOC_SGA_SKYNET_PLASMA_GENERATOR_DESCRIPTION', -- Description
		'TECH_INDUSTRIALIZATION', -- PrereqTech
		'DISTRICT_INDUSTRIAL_ZONE', -- PrereqDistrict
		'YIELD_GOLD', -- PurchaseYield
		'650', -- Cost
		'ADVISOR_TECHNOLOGY', -- AdvisorType
		'0', -- Maintenance
		'TRAIT_CIVILIZATION_SGA_SKYNET_BUILDING_FACILITIES'), -- TraitType
--------------------------------------------------------------
		('BUILDING_SGA_SKYNET_TIER_2_TERMINATOR_FACTORY', -- BuildingType
		'LOC_BUILDING_SGA_SKYNET_TIER_2_TERMINATOR_FACTORY_NAME', -- Name
		'LOC_SGA_SKYNET_TIER_2_TERMINATOR_FACTORY_DESCRIPTION', -- Description
		'TECH_COMBINED_ARMS', -- PrereqTech
		'DISTRICT_INDUSTRIAL_ZONE', -- PrereqDistrict
		'YIELD_GOLD', -- PurchaseYield
		'825', -- Cost
		'ADVISOR_TECHNOLOGY', -- AdvisorType
		'0', -- Maintenance
		'TRAIT_CIVILIZATION_SGA_SKYNET_BUILDING_FACILITIES'), -- TraitType
--------------------------------------------------------------
		('BUILDING_SGA_SKYNET_TIER_2_HK_GROUND_FACTORY', -- BuildingType
		'LOC_BUILDING_SGA_SKYNET_TIER_2_HK_GROUND_FACTORY_NAME', -- Name
		'LOC_SGA_SKYNET_TIER_2_HK_GROUND_FACTORY_DESCRIPTION', -- Description
		'TECH_ADVANCED_BALLISTICS', -- PrereqTech
		'DISTRICT_INDUSTRIAL_ZONE', -- PrereqDistrict
		'YIELD_GOLD', -- PurchaseYield
		'1025', -- Cost
		'ADVISOR_TECHNOLOGY', -- AdvisorType
		'0', -- Maintenance
		'TRAIT_CIVILIZATION_SGA_SKYNET_BUILDING_FACILITIES'), -- TraitType
--------------------------------------------------------------
		('BUILDING_SGA_SKYNET_TIER_2_HK_AERIAL_FACTORY', -- BuildingType
		'LOC_BUILDING_SGA_SKYNET_TIER_2_HK_AERIAL_FACTORY_NAME', -- Name
		'LOC_SGA_SKYNET_TIER_2_HK_AERIAL_FACTORY_DESCRIPTION', -- Description
		'TECH_ADVANCED_FLIGHT', -- PrereqTech
		'DISTRICT_INDUSTRIAL_ZONE', -- PrereqDistrict
		'YIELD_GOLD', -- PurchaseYield
		'1250', -- Cost
		'ADVISOR_TECHNOLOGY', -- AdvisorType
		'0', -- Maintenance
		'TRAIT_CIVILIZATION_SGA_SKYNET_BUILDING_FACILITIES'), -- TraitType
--------------------------------------------------------------
		('BUILDING_SGA_SKYNET_COLD_FUSION_GENERATOR', -- BuildingType
		'LOC_BUILDING_SGA_SKYNET_COLD_FUSION_GENERATOR_NAME', -- Name
		'LOC_SGA_SKYNET_COLD_FUSION_GENERATOR_DESCRIPTION', -- Description
		'TECH_NUCLEAR_FISSION', -- PrereqTech
		'DISTRICT_INDUSTRIAL_ZONE', -- PrereqDistrict
		'YIELD_GOLD', -- PurchaseYield
		'1500', -- Cost
		'ADVISOR_TECHNOLOGY', -- AdvisorType
		'0', -- Maintenance
		'TRAIT_CIVILIZATION_SGA_SKYNET_BUILDING_FACILITIES'), -- TraitType
--------------------------------------------------------------
		('BUILDING_SGA_SKYNET_TIER_3_TERMINATOR_FACTORY', -- BuildingType
		'LOC_BUILDING_SGA_SKYNET_TIER_3_TERMINATOR_FACTORY_NAME', -- Name
		'LOC_SGA_SKYNET_TIER_3_TERMINATOR_FACTORY_DESCRIPTION', -- Description
		'TECH_SATELLITES', -- PrereqTech
		'DISTRICT_INDUSTRIAL_ZONE', -- PrereqDistrict
		'YIELD_GOLD', -- PurchaseYield
		'1775', -- Cost
		'ADVISOR_TECHNOLOGY', -- AdvisorType
		'0', -- Maintenance
		'TRAIT_CIVILIZATION_SGA_SKYNET_BUILDING_FACILITIES'), -- TraitType
--------------------------------------------------------------
		('BUILDING_SGA_SKYNET_ANTIMATTER_GENERATOR', -- BuildingType
		'LOC_BUILDING_SGA_SKYNET_ANTIMATTER_GENERATOR_NAME', -- Name
		'LOC_SGA_SKYNET_ANTIMATTER_GENERATOR_DESCRIPTION', -- Description
		'TECH_NUCLEAR_FUSION', -- PrereqTech
		'DISTRICT_INDUSTRIAL_ZONE', -- PrereqDistrict
		'YIELD_GOLD', -- PurchaseYield
		'2075', -- Cost
		'ADVISOR_TECHNOLOGY', -- AdvisorType
		'0', -- Maintenance
		'TRAIT_CIVILIZATION_SGA_SKYNET_BUILDING_FACILITIES'), -- TraitType
-------------------------------------------------------------- SKYNET ADDITIONAL BUILDINGS --------------------------------------------------------------
		('BUILDING_SGA_SKYNET_WORK_CAMP', -- BuildingType
		'LOC_BUILDING_SGA_SKYNET_WORK_CAMP_NAME', -- Name
		'LOC_SGA_SKYNET_WORK_CAMP_DESCRIPTION', -- Description
		'TECH_MILITARY_ENGINEERING', -- PrereqTech
		'DISTRICT_ENCAMPMENT', -- PrereqDistrict
		'YIELD_GOLD', -- PurchaseYield
		'225', -- Cost
		'ADVISOR_TECHNOLOGY', -- AdvisorType
		'0', -- Maintenance
		'TRAIT_CIVILIZATION_SGA_SKYNET_BUILDING_FACILITIES'), -- TraitType
--------------------------------------------------------------
		('BUILDING_SGA_SKYNET_DEPOT_37', -- BuildingType
		'LOC_BUILDING_SGA_SKYNET_DEPOT_37_NAME', -- Name
		'LOC_SGA_SKYNET_DEPOT_37_DESCRIPTION', -- Description
		'TECH_SIEGE_TACTICS', -- PrereqTech
		'DISTRICT_ENCAMPMENT', -- PrereqDistrict
		'YIELD_GOLD', -- PurchaseYield
		'325', -- Cost
		'ADVISOR_TECHNOLOGY', -- AdvisorType
		'0', -- Maintenance
		'TRAIT_CIVILIZATION_SGA_SKYNET_BUILDING_FACILITIES'), -- TraitType
--------------------------------------------------------------
		('BUILDING_SGA_SKYNET_HK_AERIAL_HANGAR', -- BuildingType
		'LOC_BUILDING_SGA_SKYNET_HK_AERIAL_HANGAR_NAME', -- Name
		'LOC_SGA_SKYNET_HK_AERIAL_HANGAR_DESCRIPTION', -- Description
		'TECH_ADVANCED_FLIGHT', -- PrereqTech
		'DISTRICT_AERODROME', -- PrereqDistrict
		'YIELD_GOLD', -- PurchaseYield
		'450', -- Cost
		'ADVISOR_TECHNOLOGY', -- AdvisorType
		'0', -- Maintenance
		'TRAIT_CIVILIZATION_SGA_SKYNET_BUILDING_FACILITIES'); -- TraitType

INSERT INTO BuildingReplaces (CivUniqueBuildingType, ReplacesBuildingType)
VALUES	('BUILDING_SGA_SKYNET_SECRET_TERMINATOR_LAB', 'BUILDING_WORKSHOP'),
		('BUILDING_SGA_SKYNET_TIER_1_TERMINATOR_FACTORY', 'BUILDING_FACTORY'),
		('BUILDING_SGA_SKYNET_VLA', 'BUILDING_LIBRARY'),
		('BUILDING_SGA_SKYNET_RD_FACILITY', 'BUILDING_UNIVERSITY'),
		('BUILDING_SGA_SKYNET_CYBERDYNE_SYSTEMS_FACILITY', 'BUILDING_RESEARCH_LAB');

INSERT INTO BuildingPrereqs (Building, PrereqBuilding)
VALUES	
-------------------------------------------------------------- SKYNET CENTRAL
		('BUILDING_SGA_SKYNET_TIME_DISPLACEMENT_EQUIPMENT', 'BUILDING_SGA_SKYNET_CONTROL_NEXUS'),
		('BUILDING_SGA_SKYNET_CONTROL_NEXUS', 'BUILDING_SGA_SKYNET_CYBERDYNE_SYSTEMS_HEADQUARTERS'),
		('BUILDING_SGA_SKYNET_CYBERDYNE_SYSTEMS_HEADQUARTERS', 'BUILDING_SGA_SKYNET_GRIFFITH_OBSERVATORY'),
		('BUILDING_SGA_SKYNET_GRIFFITH_OBSERVATORY', 'BUILDING_SGA_SKYNET_ORBITAL_PLATFORM'),
		('BUILDING_SGA_SKYNET_ORBITAL_PLATFORM', 'BUILDING_SGA_SKYNET_HUB'),
		('BUILDING_SGA_SKYNET_HUB', 'BUILDING_SGA_SKYNET_CENTRAL_CORE'),
		('BUILDING_SGA_SKYNET_CENTRAL_CORE', 'BUILDING_SGA_SKYNET_COLD_FUSION_REACTOR'),
-------------------------------------------------------------- SKYNET RESEARCH FACILITIES
		('BUILDING_SGA_SKYNET_CYBERDYNE_SYSTEMS_LABORATORY', 'BUILDING_SGA_SKYNET_CYBER_RESEARCH_SYSTEMS_FACILITY'),
		('BUILDING_SGA_SKYNET_CYBER_RESEARCH_SYSTEMS_FACILITY', 'BUILDING_SGA_SKYNET_CYBERDYNE_SYSTEMS_FACILITY'),
		('BUILDING_SGA_SKYNET_CYBERDYNE_SYSTEMS_FACILITY', 'BUILDING_SGA_SKYNET_BEDFORD_FALLS'),
		('BUILDING_SGA_SKYNET_BEDFORD_FALLS', 'BUILDING_SGA_SKYNET_BAKERS_HOLLOW'),
		('BUILDING_SGA_SKYNET_BAKERS_HOLLOW', 'BUILDING_SGA_SKYNET_RD_FACILITY'),
		('BUILDING_SGA_SKYNET_RD_FACILITY', 'BUILDING_SGA_SKYNET_VLA'),
-------------------------------------------------------------- SKYNET DEVELOPMENT FACILITIES
		('BUILDING_SGA_SKYNET_ANTIMATTER_GENERATOR', 'BUILDING_SGA_SKYNET_TIER_3_TERMINATOR_FACTORY'),
		('BUILDING_SGA_SKYNET_TIER_3_TERMINATOR_FACTORY', 'BUILDING_SGA_SKYNET_COLD_FUSION_GENERATOR'),
		('BUILDING_SGA_SKYNET_COLD_FUSION_GENERATOR', 'BUILDING_SGA_SKYNET_TIER_2_HK_AERIAL_FACTORY'),
		('BUILDING_SGA_SKYNET_COLD_FUSION_GENERATOR', 'BUILDING_SGA_SKYNET_TIER_2_HK_GROUND_FACTORY'),
		('BUILDING_SGA_SKYNET_COLD_FUSION_GENERATOR', 'BUILDING_SGA_SKYNET_TIER_2_TERMINATOR_FACTORY'),
		('BUILDING_SGA_SKYNET_TIER_2_HK_AERIAL_FACTORY', 'BUILDING_SGA_SKYNET_PLASMA_GENERATOR'),
		('BUILDING_SGA_SKYNET_TIER_2_HK_GROUND_FACTORY', 'BUILDING_SGA_SKYNET_PLASMA_GENERATOR'),
		('BUILDING_SGA_SKYNET_TIER_2_TERMINATOR_FACTORY', 'BUILDING_SGA_SKYNET_PLASMA_GENERATOR'),
		('BUILDING_SGA_SKYNET_TIER_2_HK_AERIAL_FACTORY', 'BUILDING_SGA_SKYNET_TIER_1_HK_AERIAL_FACTORY'),
		('BUILDING_SGA_SKYNET_TIER_2_HK_GROUND_FACTORY', 'BUILDING_SGA_SKYNET_TIER_1_HK_GROUND_FACTORY'),
		('BUILDING_SGA_SKYNET_TIER_2_TERMINATOR_FACTORY', 'BUILDING_SGA_SKYNET_TIER_1_TERMINATOR_FACTORY'),
		('BUILDING_SGA_SKYNET_TIER_1_HK_AERIAL_FACTORY', 'BUILDING_SGA_SKYNET_SECRET_TERMINATOR_LAB'),
		('BUILDING_SGA_SKYNET_TIER_1_HK_GROUND_FACTORY', 'BUILDING_SGA_SKYNET_SECRET_TERMINATOR_LAB'),
		('BUILDING_SGA_SKYNET_TIER_1_TERMINATOR_FACTORY', 'BUILDING_SGA_SKYNET_SECRET_TERMINATOR_LAB'),
		('BUILDING_SGA_SKYNET_SECRET_TERMINATOR_LAB', 'BUILDING_SGA_SKYNET_COLD_FUSION_REACTOR'),
-------------------------------------------------------------- SKYNET ADDITIONAL BUILDINGS
		('BUILDING_SGA_SKYNET_DEPOT_37', 'BUILDING_SGA_SKYNET_WORK_CAMP');

INSERT INTO Building_YieldChanges (BuildingType, YieldType, YieldChange)
VALUES	
-------------------------------------------------------------- SKYNET CENTRAL
		('BUILDING_SGA_SKYNET_CENTRAL_CORE', 'YIELD_SCIENCE', '3'),
		('BUILDING_SGA_SKYNET_HUB', 'YIELD_SCIENCE', '4'),
		('BUILDING_SGA_SKYNET_ORBITAL_PLATFORM', 'YIELD_SCIENCE', '4'),
		('BUILDING_SGA_SKYNET_ORBITAL_PLATFORM', 'YIELD_GOLD', '3'),
		('BUILDING_SGA_SKYNET_GRIFFITH_OBSERVATORY', 'YIELD_SCIENCE', '5'),
		('BUILDING_SGA_SKYNET_CYBERDYNE_SYSTEMS_HEADQUARTERS', 'YIELD_SCIENCE', '6'),
		('BUILDING_SGA_SKYNET_CYBERDYNE_SYSTEMS_HEADQUARTERS', 'YIELD_PRODUCTION', '1'),
		('BUILDING_SGA_SKYNET_CONTROL_NEXUS', 'YIELD_SCIENCE', '6'),
		('BUILDING_SGA_SKYNET_CONTROL_NEXUS', 'YIELD_PRODUCTION', '1'),
		('BUILDING_SGA_SKYNET_TIME_DISPLACEMENT_EQUIPMENT', 'YIELD_SCIENCE', '7'),
-------------------------------------------------------------- SKYNET RESEARCH FACILITIES
		('BUILDING_SGA_SKYNET_VLA', 'YIELD_SCIENCE', '1'),
		('BUILDING_SGA_SKYNET_RD_FACILITY', 'YIELD_SCIENCE', '2'),
		('BUILDING_SGA_SKYNET_BAKERS_HOLLOW', 'YIELD_SCIENCE', '1'),
		('BUILDING_SGA_SKYNET_BAKERS_HOLLOW', 'YIELD_CULTURE', '1'),
		('BUILDING_SGA_SKYNET_BEDFORD_FALLS', 'YIELD_SCIENCE', '2'),
		('BUILDING_SGA_SKYNET_BEDFORD_FALLS', 'YIELD_CULTURE', '1'),
		('BUILDING_SGA_SKYNET_CYBERDYNE_SYSTEMS_FACILITY', 'YIELD_SCIENCE', '3'),
		('BUILDING_SGA_SKYNET_CYBER_RESEARCH_SYSTEMS_FACILITY', 'YIELD_SCIENCE', '5'),
		('BUILDING_SGA_SKYNET_CYBERDYNE_SYSTEMS_LABORATORY', 'YIELD_SCIENCE', '6'),
		('BUILDING_SGA_SKYNET_CYBERDYNE_SYSTEMS_LABORATORY', 'YIELD_PRODUCTION', '1'),
-------------------------------------------------------------- SKYNET DEVELOPMENT FACILITIES
		('BUILDING_SGA_SKYNET_COLD_FUSION_REACTOR', 'YIELD_PRODUCTION', '2'),
		('BUILDING_SGA_SKYNET_SECRET_TERMINATOR_LAB', 'YIELD_PRODUCTION', '1'),
		('BUILDING_SGA_SKYNET_TIER_1_TERMINATOR_FACTORY', 'YIELD_PRODUCTION', '3'),
		('BUILDING_SGA_SKYNET_TIER_1_TERMINATOR_FACTORY', 'YIELD_GOLD', '2'),
		('BUILDING_SGA_SKYNET_TIER_1_HK_GROUND_FACTORY', 'YIELD_PRODUCTION', '3'),
		('BUILDING_SGA_SKYNET_TIER_1_HK_GROUND_FACTORY', 'YIELD_GOLD', '2'),
		('BUILDING_SGA_SKYNET_TIER_1_HK_AERIAL_FACTORY', 'YIELD_PRODUCTION', '3'),
		('BUILDING_SGA_SKYNET_TIER_1_HK_AERIAL_FACTORY', 'YIELD_GOLD', '2'),
		('BUILDING_SGA_SKYNET_PLASMA_GENERATOR', 'YIELD_PRODUCTION', '5'),
		('BUILDING_SGA_SKYNET_TIER_2_TERMINATOR_FACTORY', 'YIELD_PRODUCTION', '4'),
		('BUILDING_SGA_SKYNET_TIER_2_TERMINATOR_FACTORY', 'YIELD_GOLD', '3'),
		('BUILDING_SGA_SKYNET_TIER_2_HK_GROUND_FACTORY', 'YIELD_PRODUCTION', '4'),
		('BUILDING_SGA_SKYNET_TIER_2_HK_GROUND_FACTORY', 'YIELD_GOLD', '3'),
		('BUILDING_SGA_SKYNET_TIER_2_HK_AERIAL_FACTORY', 'YIELD_PRODUCTION', '4'),
		('BUILDING_SGA_SKYNET_TIER_2_HK_AERIAL_FACTORY', 'YIELD_GOLD', '3'),
		('BUILDING_SGA_SKYNET_COLD_FUSION_GENERATOR', 'YIELD_PRODUCTION', '7'),
		('BUILDING_SGA_SKYNET_TIER_3_TERMINATOR_FACTORY', 'YIELD_PRODUCTION', '5'),
		('BUILDING_SGA_SKYNET_TIER_3_TERMINATOR_FACTORY', 'YIELD_GOLD', '4'),
		('BUILDING_SGA_SKYNET_ANTIMATTER_GENERATOR', 'YIELD_PRODUCTION', '9'),
		('BUILDING_SGA_SKYNET_ANTIMATTER_GENERATOR', 'YIELD_SCIENCE', '3'),
-------------------------------------------------------------- SKYNET DEVELOPMENT FACILITIES
		('BUILDING_SGA_SKYNET_WORK_CAMP', 'YIELD_PRODUCTION', '1'),
		('BUILDING_SGA_SKYNET_DEPOT_37', 'YIELD_PRODUCTION', '2'),
		('BUILDING_SGA_SKYNET_DEPOT_37', 'YIELD_GOLD', '1'),
		('BUILDING_SGA_SKYNET_HK_AERIAL_HANGAR', 'YIELD_PRODUCTION', '2'),
		('BUILDING_SGA_SKYNET_HK_AERIAL_HANGAR', 'YIELD_GOLD', '1');

INSERT INTO Building_GreatPersonPoints (BuildingType, GreatPersonClassType, PointsPerTurn)
VALUES	('BUILDING_SGA_SKYNET_CYBERDYNE_SYSTEMS_FACILITY', 'GREAT_PERSON_CLASS_SCIENTIST', '1'),
		('BUILDING_SGA_SKYNET_GRIFFITH_OBSERVATORY', 'GREAT_PERSON_CLASS_SCIENTIST', '1'),
		('BUILDING_SGA_SKYNET_CYBER_RESEARCH_SYSTEMS_FACILITY', 'GREAT_PERSON_CLASS_SCIENTIST', '1'),
		('BUILDING_SGA_SKYNET_CYBER_RESEARCH_SYSTEMS_FACILITY', 'GREAT_PERSON_CLASS_GENERAL', '1'),
		('BUILDING_SGA_SKYNET_CYBERDYNE_SYSTEMS_LABORATORY', 'GREAT_PERSON_CLASS_SCIENTIST', '1'),
		('BUILDING_SGA_SKYNET_CYBERDYNE_SYSTEMS_HEADQUARTERS', 'GREAT_PERSON_CLASS_SCIENTIST', '1');

INSERT OR IGNORE INTO Modifiers (ModifierId, ModifierType, RunOnce, Permanent, SubjectRequirementSetId)
VALUES	
-------------------------------------------------------------- ORBITAL PLATFORM REVEAL STRATEGICS
		('SKYNET_REVEAL_MAP', 'MODIFIER_PLAYER_EXPLORE_ENTIRE_MAP', '1', '1', NULL),
		('SKYNET_REVEAL_ALUMINUM', 'MODIFIER_PLAYER_GRANT_FREE_RESOURCE_VISIBILITY', '1', '1', NULL),
		('SKYNET_REVEAL_COAL', 'MODIFIER_PLAYER_GRANT_FREE_RESOURCE_VISIBILITY', '1', '1', NULL),
		('SKYNET_REVEAL_HORSES', 'MODIFIER_PLAYER_GRANT_FREE_RESOURCE_VISIBILITY', '1', '1', NULL),
		('SKYNET_REVEAL_NITER', 'MODIFIER_PLAYER_GRANT_FREE_RESOURCE_VISIBILITY', '1', '1', NULL),
		('SKYNET_REVEAL_OIL', 'MODIFIER_PLAYER_GRANT_FREE_RESOURCE_VISIBILITY', '1', '1', NULL),
		('SKYNET_REVEAL_URANIUM', 'MODIFIER_PLAYER_GRANT_FREE_RESOURCE_VISIBILITY', '1', '1', NULL),
		('SKYNET_REVEAL_IRON', 'MODIFIER_PLAYER_GRANT_FREE_RESOURCE_VISIBILITY', '1', '1', NULL),
-------------------------------------------------------------- GRANT POPULATION ON BUILD
		('SKYNET_GRANT_POP_ON_BUILD_LOWER', 'MODIFIER_SGA_SKYNET_BUILDING_ADD_POPULATION', '0', '1', NULL),
		('SKYNET_GRANT_POP_ON_BUILD_MID', 'MODIFIER_SGA_SKYNET_BUILDING_ADD_POPULATION', '0', '1', NULL),
		('SKYNET_GRANT_POP_ON_BUILD_HIGHER', 'MODIFIER_SGA_SKYNET_BUILDING_ADD_POPULATION', '0', '1', NULL),
-------------------------------------------------------------- ADJUST TRADE CAPACITY
		('SKYNET_GRANT_TRADE_ROUTE_CAPACITY_LOWER', 'MODIFIER_PLAYER_ADJUST_TRADE_ROUTE_CAPACITY', '1', '1', NULL),
-------------------------------------------------------------- GRANT GOV POLICY SLOTS
		('SKYNET_GRANT_GOVERNMENT_SLOT_MILITARY', 'MODIFIER_PLAYER_CULTURE_ADJUST_GOVERNMENT_SLOTS_MODIFIER', '1', '1', NULL),
		('SKYNET_GRANT_GOVERNMENT_SLOT_ECONOMIC', 'MODIFIER_PLAYER_CULTURE_ADJUST_GOVERNMENT_SLOTS_MODIFIER', '1', '1', NULL),
		('SKYNET_GRANT_GOVERNMENT_SLOT_WILDCARD', 'MODIFIER_PLAYER_CULTURE_ADJUST_GOVERNMENT_SLOTS_MODIFIER', '1', '1', NULL),
-------------------------------------------------------------- PROMOTION AND MOVEMENT MODIFIERS
		('SKYNET_GRANT_MOVEMENT_BONUS_LOWER', 'MODIFIER_PLAYER_UNITS_ADJUST_MOVEMENT', '1', '1', NULL),
		-- PROMOTIONS
		('SKYNET_GRANT_LEVEL_UP_UNITS', 'MODIFIER_PLAYER_UNITS_ADJUST_GRANT_EXPERIENCE', '1', '1', NULL),
		('SKYNET_GRANT_LEVEL_UP_T800', 'MODIFIER_PLAYER_UNITS_ADJUST_GRANT_EXPERIENCE', '1', '1', 'IS_T800'),
-------------------------------------------------------------- GRANT FREE UNIT ON BUILDING
		('SKYNET_GRANT_BUILDING_UNIT_T800', 'MODIFIER_SINGLE_CITY_GRANT_UNIT_IN_CITY', '1', '1', NULL),
-------------------------------------------------------------- ADJUST TRADE YIELDS
		('TRAIT_MODIFIER_SKYNET_TRADE_INCOMING_PRODUCTION', 'MODIFIER_PLAYER_ADJUST_TRADE_ROUTE_YIELD', '1', '1', NULL),
		('TRAIT_MODIFIER_SKYNET_TRADE_INCOMING_GOLD', 'MODIFIER_PLAYER_ADJUST_TRADE_ROUTE_YIELD', '1', '1', NULL),
-------------------------------------------------------------- GRANT UNIT COPY BY TAG
		('TRAIT_MODIFIER_SKYNET_RISE_OF_THE_MACHINES_MELEE', 'MODIFIER_PLAYER_UNITS_ADJUST_EXTRA_UNIT_COPY_TAG', '0', '1', NULL),
-------------------------------------------------------------- GRANT UNIT HEAL AFTER COMBAT
		('TRAIT_MODIFIER_SKYNET_HEAL_FROM_COMBAT', 'MODIFIER_PLAYER_UNITS_ADJUST_HEAL_FROM_COMBAT', '1', '1', NULL),
-------------------------------------------------------------- GRANT UNIT HEAL AFTER ACTION
		('TRAIT_MODIFIER_SKYNET_HEAL_AFTER_ACTION', 'MODIFIER_PLAYER_UNITS_GRANT_HEAL_AFTER_ACTION', '1', '1', NULL),
-------------------------------------------------------------- GRANT TECH/CIVICS
		('SKYNET_GRANT_RANDOM_TECH', 'MODIFIER_PLAYER_GRANT_RANDOM_TECHNOLOGY', '1', '1', NULL),
		('SKYNET_GRANT_RANDOM_CIVIC', 'MODIFIER_PLAYER_GRANT_RANDOM_CIVIC', '1', '1', NULL),
-------------------------------------------------------------- GRANT BUILDING POWER
		('SKYNET_GRANT_POWER_LOWER', 'MODIFIER_SINGLE_CITY_ADJUST_FREE_POWER', '1', '1', NULL),
		('SKYNET_GRANT_POWER_MID', 'MODIFIER_SINGLE_CITY_ADJUST_FREE_POWER', '1', '1', NULL),
		('SKYNET_GRANT_POWER_HIGHER', 'MODIFIER_SINGLE_CITY_ADJUST_FREE_POWER', '1', '1', NULL),
-------------------------------------------------------------- ADJUST ADJUST PLAYER UNITS PRODUCTION
		('SKYNET_ADJUST_PLAYER_UNITS_PRODUCTION', 'MODIFIER_PLAYER_UNITS_ADJUST_UNIT_PRODUCTION', '1', '1', NULL),
-------------------------------------------------------------- ADJUST ADJUST PLAYER MILITARY UNITS PRODUCTION
		('SKYNET_ADJUST_PLAYER_CITIES_MILITARY_UNITS_PRODUCTION', 'MODIFIER_PLAYER_CITIES_ADJUST_MILITARY_UNITS_PRODUCTION', '1', '1', NULL),
-------------------------------------------------------------- ADJUST ADJUST PLAYER UNITS EXPERIENCE
		('SKYNET_ADJUST_PLAYER_UNITS_EXPERIENCE', 'MODIFIER_PLAYER_UNITS_ADJUST_UNIT_EXPERIENCE_MODIFIER', '1', '1', NULL),
-------------------------------------------------------------- ADJUST ADJUST DISTRICT AIR SLOTS
		('SKYNET_ADJUST_AIR_SLOTS', 'MODIFIER_PLAYER_DISTRICT_GRANT_AIR_SLOTS', '1', '1', NULL);

INSERT OR IGNORE INTO RequirementSets (RequirementSetId, RequirementSetType)
VALUES	('IS_T800', 'REQUIREMENTSET_TEST_ANY');

INSERT OR IGNORE INTO RequirementSetRequirements (RequirementSetId, RequirementId)
VALUES	('IS_T800', 'REQUIREMENT_IS_T800');

INSERT OR IGNORE INTO Requirements (RequirementId, RequirementType)
VALUES	('REQUIREMENT_IS_T800', 'REQUIREMENT_UNIT_TAG_MATCHES');

INSERT OR IGNORE INTO RequirementArguments (RequirementId, Name, Value)
VALUES	('REQUIREMENT_IS_T800', 'Tag', 'CLASS_SGA_SKYNET_T800');

INSERT OR IGNORE INTO ModifierArguments (ModifierId, Name, Value)
VALUES	
-------------------------------------------------------------- ORBITAL PLATFORM REVEAL STRATEGICS
		('SKYNET_REVEAL_ALUMINUM', 'ResourceType', 'RESOURCE_ALUMINUM'),
		('SKYNET_REVEAL_COAL', 'ResourceType', 'RESOURCE_COAL'),
		('SKYNET_REVEAL_HORSES', 'ResourceType', 'RESOURCE_HORSES'),
		('SKYNET_REVEAL_IRON', 'ResourceType', 'RESOURCE_IRON'),
		('SKYNET_REVEAL_NITER', 'ResourceType', 'RESOURCE_NITER'),
		('SKYNET_REVEAL_OIL', 'ResourceType', 'RESOURCE_OIL'),
		('SKYNET_REVEAL_URANIUM', 'ResourceType', 'RESOURCE_URANIUM'),
-------------------------------------------------------------- GRANT POPULATION ON BUILDING
		('SKYNET_GRANT_POP_ON_BUILD_LOWER', 'Amount', '1'),
		('SKYNET_GRANT_POP_ON_BUILD_MID', 'Amount', '2'),
		('SKYNET_GRANT_POP_ON_BUILD_HIGHER', 'Amount', '3'),
-------------------------------------------------------------- ADJUST TRADE CAPACITY
		('SKYNET_GRANT_TRADE_ROUTE_CAPACITY_LOWER', 'Amount', '1'),
-------------------------------------------------------------- GRANT GOV POLICY SLOTS
		('SKYNET_GRANT_GOVERNMENT_SLOT_MILITARY', 'GovernmentSlotType', 'SLOT_MILITARY'),
		('SKYNET_GRANT_GOVERNMENT_SLOT_ECONOMIC', 'GovernmentSlotType', 'SLOT_ECONOMIC'),
		('SKYNET_GRANT_GOVERNMENT_SLOT_WILDCARD', 'GovernmentSlotType', 'SLOT_WILDCARD'),
-------------------------------------------------------------- COMBAT AND MOVEMENT MODIFIERS
		('SKYNET_GRANT_LEVEL_UP_UNITS', 'Amount', '-1'),
		('SKYNET_GRANT_LEVEL_UP_T800', 'Amount', '-1'),
		('SKYNET_GRANT_MOVEMENT_BONUS_LOWER', 'Amount', '1'),
-------------------------------------------------------------- GRANT FREE UNIT ON BUILDING
		('SKYNET_GRANT_BUILDING_UNIT_T800', 'UnitType', 'UNIT_SGA_SKYNET_T800'),
		('SKYNET_GRANT_BUILDING_UNIT_T800', 'Amount', '1'),
-------------------------------------------------------------- ADJUST TRADE YIELDS
		('TRAIT_MODIFIER_SKYNET_TRADE_INCOMING_PRODUCTION', 'YieldType', 'YIELD_PRODUCTION'),
		('TRAIT_MODIFIER_SKYNET_TRADE_INCOMING_PRODUCTION', 'Amount', '1'),
		('TRAIT_MODIFIER_SKYNET_TRADE_INCOMING_GOLD', 'YieldType', 'YIELD_GOLD'),
		('TRAIT_MODIFIER_SKYNET_TRADE_INCOMING_GOLD', 'Amount', '3'),
-------------------------------------------------------------- GRANT UNIT COPY BY TAG
		('TRAIT_MODIFIER_SKYNET_RISE_OF_THE_MACHINES_MELEE', 'Amount', '1'),
		('TRAIT_MODIFIER_SKYNET_RISE_OF_THE_MACHINES_MELEE', 'Tag', 'CLASS_MELEE'),
-------------------------------------------------------------- GRANT UNIT HEAL AFTER COMBAT
		('TRAIT_MODIFIER_SKYNET_HEAL_FROM_COMBAT', 'Amount', '50'),
-------------------------------------------------------------- GRANT UNIT HEAL AFTER ACTION
		('TRAIT_MODIFIER_SKYNET_HEAL_AFTER_ACTION', 'Amount', '20'),
-------------------------------------------------------------- GRANT BUILDING POWER
		('SKYNET_GRANT_POWER_LOWER', 'Amount', '3'),
		('SKYNET_GRANT_POWER_MID', 'Amount', '5'),
		('SKYNET_GRANT_POWER_HIGHER', 'Amount', '9'),
-------------------------------------------------------------- ADJUST ADJUST PLAYER UNITS PRODUCTION
		('SKYNET_ADJUST_PLAYER_UNITS_PRODUCTION', 'Amount', '5'),
-------------------------------------------------------------- ADJUST ADJUST PLAYER MILITARY UNITS PRODUCTION
		('SKYNET_ADJUST_PLAYER_CITIES_MILITARY_UNITS_PRODUCTION', 'Amount', '50'),
-------------------------------------------------------------- ADJUST ADJUST PLAYER UNITS EXPERIENCE
		('SKYNET_ADJUST_PLAYER_UNITS_EXPERIENCE', 'Amount', '300'),
-------------------------------------------------------------- ADJUST ADJUST DISTRICT AIR SLOTS
		('SKYNET_ADJUST_AIR_SLOTS', 'Amount', '3');

INSERT OR IGNORE INTO BuildingModifiers (BuildingType, ModifierId)
VALUES	
-------------------------------------------------------------- ORBITAL PLATFORM REVEAL STRATEGICS
		('BUILDING_SGA_SKYNET_ORBITAL_PLATFORM', 'SKYNET_REVEAL_MAP'),
		('BUILDING_SGA_SKYNET_ORBITAL_PLATFORM', 'SKYNET_REVEAL_ALUMINUM'),
		('BUILDING_SGA_SKYNET_ORBITAL_PLATFORM', 'SKYNET_REVEAL_COAL'),
		('BUILDING_SGA_SKYNET_ORBITAL_PLATFORM', 'SKYNET_REVEAL_HORSES'),
		('BUILDING_SGA_SKYNET_ORBITAL_PLATFORM', 'SKYNET_REVEAL_IRON'),
		('BUILDING_SGA_SKYNET_ORBITAL_PLATFORM', 'SKYNET_REVEAL_NITER'),
		('BUILDING_SGA_SKYNET_ORBITAL_PLATFORM', 'SKYNET_REVEAL_OIL'),
		('BUILDING_SGA_SKYNET_ORBITAL_PLATFORM', 'SKYNET_REVEAL_URANIUM'),
-------------------------------------------------------------- GRANT POPULATION ON BUILDING
		-- SKYNET CENTRAL
		('BUILDING_SGA_SKYNET_CENTRAL_CORE', 'SKYNET_GRANT_POP_ON_BUILD_LOWER'),
		('BUILDING_SGA_SKYNET_HUB', 'SKYNET_GRANT_POP_ON_BUILD_LOWER'),
		('BUILDING_SGA_SKYNET_ORBITAL_PLATFORM', 'SKYNET_GRANT_POP_ON_BUILD_LOWER'),
		('BUILDING_SGA_SKYNET_GRIFFITH_OBSERVATORY', 'SKYNET_GRANT_POP_ON_BUILD_LOWER'),
		('BUILDING_SGA_SKYNET_CYBERDYNE_SYSTEMS_HEADQUARTERS', 'SKYNET_GRANT_POP_ON_BUILD_LOWER'),
		('BUILDING_SGA_SKYNET_CONTROL_NEXUS', 'SKYNET_GRANT_POP_ON_BUILD_LOWER'),
		('BUILDING_SGA_SKYNET_TIME_DISPLACEMENT_EQUIPMENT', 'SKYNET_GRANT_POP_ON_BUILD_LOWER'),
		-- RESEARCH FACILITIES
		('BUILDING_SGA_SKYNET_VLA', 'SKYNET_GRANT_POP_ON_BUILD_LOWER'),
		('BUILDING_SGA_SKYNET_RD_FACILITY', 'SKYNET_GRANT_POP_ON_BUILD_LOWER'),
		('BUILDING_SGA_SKYNET_BAKERS_HOLLOW', 'SKYNET_GRANT_POP_ON_BUILD_LOWER'),
		('BUILDING_SGA_SKYNET_BEDFORD_FALLS', 'SKYNET_GRANT_POP_ON_BUILD_LOWER'),
		('BUILDING_SGA_SKYNET_CYBERDYNE_SYSTEMS_FACILITY', 'SKYNET_GRANT_POP_ON_BUILD_LOWER'),
		('BUILDING_SGA_SKYNET_CYBER_RESEARCH_SYSTEMS_FACILITY', 'SKYNET_GRANT_POP_ON_BUILD_LOWER'),
		('BUILDING_SGA_SKYNET_CYBERDYNE_SYSTEMS_LABORATORY', 'SKYNET_GRANT_POP_ON_BUILD_LOWER'),
		-- DEVELOPMENT FACILITIES
		('BUILDING_SGA_SKYNET_COLD_FUSION_REACTOR', 'SKYNET_GRANT_POP_ON_BUILD_LOWER'),
		('BUILDING_SGA_SKYNET_SECRET_TERMINATOR_LAB', 'SKYNET_GRANT_POP_ON_BUILD_LOWER'),
		('BUILDING_SGA_SKYNET_TIER_1_TERMINATOR_FACTORY', 'SKYNET_GRANT_POP_ON_BUILD_MID'),
		('BUILDING_SGA_SKYNET_TIER_1_HK_GROUND_FACTORY', 'SKYNET_GRANT_POP_ON_BUILD_LOWER'),
		('BUILDING_SGA_SKYNET_TIER_1_HK_AERIAL_FACTORY', 'SKYNET_GRANT_POP_ON_BUILD_LOWER'),
		('BUILDING_SGA_SKYNET_PLASMA_GENERATOR', 'SKYNET_GRANT_POP_ON_BUILD_LOWER'),
		('BUILDING_SGA_SKYNET_TIER_2_TERMINATOR_FACTORY', 'SKYNET_GRANT_POP_ON_BUILD_MID'),
		('BUILDING_SGA_SKYNET_TIER_2_HK_GROUND_FACTORY', 'SKYNET_GRANT_POP_ON_BUILD_LOWER'),
		('BUILDING_SGA_SKYNET_TIER_2_HK_AERIAL_FACTORY', 'SKYNET_GRANT_POP_ON_BUILD_LOWER'),
		('BUILDING_SGA_SKYNET_COLD_FUSION_GENERATOR', 'SKYNET_GRANT_POP_ON_BUILD_MID'),
		('BUILDING_SGA_SKYNET_TIER_3_TERMINATOR_FACTORY', 'SKYNET_GRANT_POP_ON_BUILD_HIGHER'),
		('BUILDING_SGA_SKYNET_ANTIMATTER_GENERATOR', 'SKYNET_GRANT_POP_ON_BUILD_MID'),
		-- SKYNET ADDITIONAL FACILITIES
		('BUILDING_SGA_SKYNET_WORK_CAMP', 'SKYNET_GRANT_POP_ON_BUILD_LOWER'),
		('BUILDING_SGA_SKYNET_DEPOT_37', 'SKYNET_GRANT_POP_ON_BUILD_MID'),
		('BUILDING_SGA_SKYNET_HK_AERIAL_HANGAR', 'SKYNET_GRANT_POP_ON_BUILD_LOWER'),
-------------------------------------------------------------- ADJUST TRADE CAPACITY
		('BUILDING_SGA_SKYNET_ORBITAL_PLATFORM', 'SKYNET_GRANT_TRADE_ROUTE_CAPACITY_LOWER'),
		('BUILDING_SGA_SKYNET_CYBERDYNE_SYSTEMS_HEADQUARTERS', 'SKYNET_GRANT_TRADE_ROUTE_CAPACITY_LOWER'),
		('BUILDING_SGA_SKYNET_CONTROL_NEXUS', 'SKYNET_GRANT_TRADE_ROUTE_CAPACITY_LOWER'),
-------------------------------------------------------------- GRANT GOV POLICY SLOTS
		('BUILDING_SGA_SKYNET_HUB', 'SKYNET_GRANT_GOVERNMENT_SLOT_MILITARY'),
		('BUILDING_SGA_SKYNET_ORBITAL_PLATFORM', 'SKYNET_GRANT_GOVERNMENT_SLOT_ECONOMIC'),
		('BUILDING_SGA_SKYNET_CYBERDYNE_SYSTEMS_HEADQUARTERS', 'SKYNET_GRANT_GOVERNMENT_SLOT_WILDCARD'),
		('BUILDING_SGA_SKYNET_CONTROL_NEXUS', 'SKYNET_GRANT_GOVERNMENT_SLOT_MILITARY'),
		('BUILDING_SGA_SKYNET_CONTROL_NEXUS', 'SKYNET_GRANT_GOVERNMENT_SLOT_WILDCARD'),
		('BUILDING_SGA_SKYNET_TIME_DISPLACEMENT_EQUIPMENT', 'SKYNET_GRANT_GOVERNMENT_SLOT_WILDCARD'),
-------------------------------------------------------------- COMBAT AND MOVEMENT MODIFIERS
		('BUILDING_SGA_SKYNET_HUB', 'SKYNET_GRANT_LEVEL_UP_UNITS'),
		('BUILDING_SGA_SKYNET_ORBITAL_PLATFORM', 'SKYNET_GRANT_MOVEMENT_BONUS_LOWER'),
		('BUILDING_SGA_SKYNET_CYBERDYNE_SYSTEMS_HEADQUARTERS', 'SKYNET_GRANT_LEVEL_UP_UNITS'),
		('BUILDING_SGA_SKYNET_CONTROL_NEXUS', 'SKYNET_GRANT_LEVEL_UP_UNITS'),
		('BUILDING_SGA_SKYNET_TIER_2_TERMINATOR_FACTORY', 'SKYNET_GRANT_LEVEL_UP_T800'),
		('BUILDING_SGA_SKYNET_TIER_3_TERMINATOR_FACTORY', 'SKYNET_GRANT_LEVEL_UP_UNITS'),
-------------------------------------------------------------- GRANT FREE UNIT ON BUILDING
		('BUILDING_SGA_SKYNET_TIME_DISPLACEMENT_EQUIPMENT', 'SKYNET_GRANT_BUILDING_UNIT_T800'),
-------------------------------------------------------------- ADJUST TRADE YIELDS
		('BUILDING_SGA_SKYNET_ORBITAL_PLATFORM', 'TRAIT_MODIFIER_SKYNET_TRADE_INCOMING_GOLD'),
		('BUILDING_SGA_SKYNET_GRIFFITH_OBSERVATORY', 'TRAIT_MODIFIER_SKYNET_TRADE_INCOMING_PRODUCTION'),
-------------------------------------------------------------- GRANT UNIT COPY BY TAG
		('BUILDING_SGA_SKYNET_CONTROL_NEXUS', 'TRAIT_MODIFIER_SKYNET_RISE_OF_THE_MACHINES_MELEE'),
-------------------------------------------------------------- GRANT UNIT HEAL AFTER COMBAT
		('BUILDING_SGA_SKYNET_CYBERDYNE_SYSTEMS_HEADQUARTERS', 'TRAIT_MODIFIER_SKYNET_HEAL_FROM_COMBAT'),
-------------------------------------------------------------- GRANT UNIT HEAL AFTER ACTION
		('BUILDING_SGA_SKYNET_CONTROL_NEXUS', 'TRAIT_MODIFIER_SKYNET_HEAL_AFTER_ACTION'),
-------------------------------------------------------------- GRANT TECH/CIVICS
		-- SKYNET CENTRAL FACILITIES FREE TECH
		('BUILDING_SGA_SKYNET_CENTRAL_CORE', 'SKYNET_GRANT_RANDOM_TECH'),
		('BUILDING_SGA_SKYNET_HUB', 'SKYNET_GRANT_RANDOM_TECH'),
		('BUILDING_SGA_SKYNET_ORBITAL_PLATFORM', 'SKYNET_GRANT_RANDOM_TECH'),
		('BUILDING_SGA_SKYNET_GRIFFITH_OBSERVATORY', 'SKYNET_GRANT_RANDOM_TECH'),
		('BUILDING_SGA_SKYNET_CYBERDYNE_SYSTEMS_HEADQUARTERS', 'SKYNET_GRANT_RANDOM_TECH'),
		('BUILDING_SGA_SKYNET_CONTROL_NEXUS', 'SKYNET_GRANT_RANDOM_TECH'),
		('BUILDING_SGA_SKYNET_TIME_DISPLACEMENT_EQUIPMENT', 'SKYNET_GRANT_RANDOM_TECH'),
		-- CIVICS
		('BUILDING_SGA_SKYNET_BAKERS_HOLLOW', 'SKYNET_GRANT_RANDOM_CIVIC'),
		('BUILDING_SGA_SKYNET_BEDFORD_FALLS', 'SKYNET_GRANT_RANDOM_CIVIC'),
-------------------------------------------------------------- GRANT BUILDING POWER
		('BUILDING_SGA_SKYNET_COLD_FUSION_REACTOR', 'SKYNET_GRANT_POWER_LOWER'),
		('BUILDING_SGA_SKYNET_PLASMA_GENERATOR', 'SKYNET_GRANT_POWER_LOWER'),
		('BUILDING_SGA_SKYNET_COLD_FUSION_GENERATOR', 'SKYNET_GRANT_POWER_MID'),
		('BUILDING_SGA_SKYNET_ANTIMATTER_GENERATOR', 'SKYNET_GRANT_POWER_HIGHER'),
-------------------------------------------------------------- ADJUST ADJUST PLAYER UNITS PRODUCTION
		('BUILDING_SGA_SKYNET_TIER_2_TERMINATOR_FACTORY', 'SKYNET_ADJUST_PLAYER_UNITS_PRODUCTION'),
-------------------------------------------------------------- ADJUST ADJUST PLAYER MILITARY UNITS PRODUCTION
		('BUILDING_SGA_SKYNET_CONTROL_NEXUS', 'SKYNET_ADJUST_PLAYER_CITIES_MILITARY_UNITS_PRODUCTION'),
-------------------------------------------------------------- ADJUST ADJUST PLAYER UNITS EXPERIENCE
		('BUILDING_SGA_SKYNET_CENTRAL_CORE', 'SKYNET_ADJUST_PLAYER_UNITS_EXPERIENCE'),
-------------------------------------------------------------- ADJUST ADJUST DISTRICT AIR SLOTS
		('BUILDING_SGA_SKYNET_HK_AERIAL_HANGAR', 'SKYNET_ADJUST_AIR_SLOTS');