-- Skynet_Civilization
-- Author: Safeguard
-- DateCreated: 2/3/2023 10:17:38 PM
--------------------------------------------------------------
-- CIVILIZATIONS
-- TYPES
INSERT INTO Types	
		(Type,						Kind)
VALUES	('CIVILIZATION_SGA_SKYNET',	'KIND_CIVILIZATION');

-- CIVILIZATIONS
INSERT INTO Civilizations	
		(CivilizationType,			Name,								Description,								Adjective,									StartingCivilizationLevelType,		RandomCityNameDepth,		Ethnicity)
VALUES	('CIVILIZATION_SGA_SKYNET',	'LOC_CIVILIZATION_SGA_SKYNET_NAME',	'LOC_CIVILIZATION_SGA_SKYNET_DESCRIPTION',	'LOC_CIVILIZATION_SGA_SKYNET_ADJECTIVE',	'CIVILIZATION_LEVEL_FULL_CIV',		40,							'ETHNICITY_EURO');	
			
-- CITY NAMES					
INSERT INTO CityNames	
		(CivilizationType,			CityName)	
VALUES	('CIVILIZATION_SGA_SKYNET',	'LOC_CITY_NAME_SGA_SKYNET_1'),	
		('CIVILIZATION_SGA_SKYNET',	'LOC_CITY_NAME_SGA_SKYNET_2'),	
		('CIVILIZATION_SGA_SKYNET',	'LOC_CITY_NAME_SGA_SKYNET_3'),	
		('CIVILIZATION_SGA_SKYNET',	'LOC_CITY_NAME_SGA_SKYNET_4'),	
		('CIVILIZATION_SGA_SKYNET',	'LOC_CITY_NAME_SGA_SKYNET_5'),	
		('CIVILIZATION_SGA_SKYNET',	'LOC_CITY_NAME_SGA_SKYNET_6'),	
		('CIVILIZATION_SGA_SKYNET',	'LOC_CITY_NAME_SGA_SKYNET_7'),	
		('CIVILIZATION_SGA_SKYNET',	'LOC_CITY_NAME_SGA_SKYNET_8'),	
		('CIVILIZATION_SGA_SKYNET',	'LOC_CITY_NAME_SGA_SKYNET_9'),	
		('CIVILIZATION_SGA_SKYNET',	'LOC_CITY_NAME_SGA_SKYNET_10'),	
		('CIVILIZATION_SGA_SKYNET',	'LOC_CITY_NAME_SGA_SKYNET_11'),	
		('CIVILIZATION_SGA_SKYNET',	'LOC_CITY_NAME_SGA_SKYNET_12'),	
		('CIVILIZATION_SGA_SKYNET',	'LOC_CITY_NAME_SGA_SKYNET_13'),	
		('CIVILIZATION_SGA_SKYNET',	'LOC_CITY_NAME_SGA_SKYNET_14'),	
		('CIVILIZATION_SGA_SKYNET',	'LOC_CITY_NAME_SGA_SKYNET_15'),	
		('CIVILIZATION_SGA_SKYNET',	'LOC_CITY_NAME_SGA_SKYNET_16'),	
		('CIVILIZATION_SGA_SKYNET',	'LOC_CITY_NAME_SGA_SKYNET_17'),	
		('CIVILIZATION_SGA_SKYNET',	'LOC_CITY_NAME_SGA_SKYNET_18'),	
		('CIVILIZATION_SGA_SKYNET',	'LOC_CITY_NAME_SGA_SKYNET_19'),	
		('CIVILIZATION_SGA_SKYNET',	'LOC_CITY_NAME_SGA_SKYNET_20'),	
		('CIVILIZATION_SGA_SKYNET',	'LOC_CITY_NAME_SGA_SKYNET_21'),	
		('CIVILIZATION_SGA_SKYNET',	'LOC_CITY_NAME_SGA_SKYNET_22'),	
		('CIVILIZATION_SGA_SKYNET',	'LOC_CITY_NAME_SGA_SKYNET_23'),	
		('CIVILIZATION_SGA_SKYNET',	'LOC_CITY_NAME_SGA_SKYNET_24'),	
		('CIVILIZATION_SGA_SKYNET',	'LOC_CITY_NAME_SGA_SKYNET_25'),	
		('CIVILIZATION_SGA_SKYNET',	'LOC_CITY_NAME_SGA_SKYNET_26'),	
		('CIVILIZATION_SGA_SKYNET',	'LOC_CITY_NAME_SGA_SKYNET_27'),	
		('CIVILIZATION_SGA_SKYNET',	'LOC_CITY_NAME_SGA_SKYNET_28'),	
		('CIVILIZATION_SGA_SKYNET',	'LOC_CITY_NAME_SGA_SKYNET_29'),	
		('CIVILIZATION_SGA_SKYNET',	'LOC_CITY_NAME_SGA_SKYNET_30'),
		('CIVILIZATION_SGA_SKYNET',	'LOC_CITY_NAME_SGA_SKYNET_31'),	
		('CIVILIZATION_SGA_SKYNET',	'LOC_CITY_NAME_SGA_SKYNET_32'),	
		('CIVILIZATION_SGA_SKYNET',	'LOC_CITY_NAME_SGA_SKYNET_33'),	
		('CIVILIZATION_SGA_SKYNET',	'LOC_CITY_NAME_SGA_SKYNET_34'),	
		('CIVILIZATION_SGA_SKYNET',	'LOC_CITY_NAME_SGA_SKYNET_35'),	
		('CIVILIZATION_SGA_SKYNET',	'LOC_CITY_NAME_SGA_SKYNET_36'),	
		('CIVILIZATION_SGA_SKYNET',	'LOC_CITY_NAME_SGA_SKYNET_37'),	
		('CIVILIZATION_SGA_SKYNET',	'LOC_CITY_NAME_SGA_SKYNET_38'),	
		('CIVILIZATION_SGA_SKYNET',	'LOC_CITY_NAME_SGA_SKYNET_39'),	
		('CIVILIZATION_SGA_SKYNET',	'LOC_CITY_NAME_SGA_SKYNET_40');	

-- CIV CITIZENS	
INSERT INTO CivilizationCitizenNames	
		(CivilizationType,			CitizenName,								Female,		Modern)
VALUES	('CIVILIZATION_SGA_SKYNET',	'LOC_CITIZEN_SGA_SKYNET_MALE_1',				0,			0),
		('CIVILIZATION_SGA_SKYNET',	'LOC_CITIZEN_SGA_SKYNET_MODERN_MALE_1',			0,			1),
		('CIVILIZATION_SGA_SKYNET',	'LOC_CITIZEN_SGA_SKYNET_FEMALE_1',				1,			0),
		('CIVILIZATION_SGA_SKYNET',	'LOC_CITIZEN_SGA_SKYNET_MODERN_FEMALE_1',		1,			1);
			
-- CIV INFO					
INSERT INTO CivilizationInfo	
		(CivilizationType,			Header,						Caption,								SortIndex)	
VALUES	('CIVILIZATION_SGA_SKYNET',	'LOC_CIVINFO_LOCATION',		'LOC_CIVINFO_SGA_SKYNET_LOCATION',			1),	
		('CIVILIZATION_SGA_SKYNET',	'LOC_CIVINFO_SIZE',			'LOC_CIVINFO_SGA_SKYNET_SIZE',				2),	
		('CIVILIZATION_SGA_SKYNET',	'LOC_CIVINFO_POPULATION',	'LOC_CIVINFO_SGA_SKYNET_POPULATION',		3),	
		('CIVILIZATION_SGA_SKYNET',	'LOC_CIVINFO_CAPITAL', 		'LOC_CIVINFO_SGA_SKYNET_CAPITAL',			4);

-- CIVILIZATION TRAITS
-- TYPES	
INSERT INTO Types	
		(Type, Kind)
VALUES	('TRAIT_CIVILIZATION_SGA_SKYNET_RISE_OF_THE_MACHINES', 'KIND_TRAIT'),
		('TRAIT_CIVILIZATION_SGA_SKYNET_HUNTER_KILLERS', 'KIND_TRAIT'),
		('TRAIT_CIVILIZATION_SGA_SKYNET_BUILDING_FACILITIES', 'KIND_TRAIT'),
		('TRAIT_CIVILIZATION_DISTRICT_SGA_SKYNET_CENTRAL', 'KIND_TRAIT'),
		('TRAIT_CIVILIZATION_DISTRICT_SGA_SKYNET_RESEARCH_FACILITIES', 'KIND_TRAIT'),
		('TRAIT_CIVILIZATION_DISTRICT_SGA_SKYNET_DEVELOPMENT_FACILITIES', 'KIND_TRAIT'),
		('TRAIT_CIVILIZATION_DISTRICT_SGA_SKYNET_ENCAMPMENT_FACILITIES', 'KIND_TRAIT');
			
-- TRAITS			
INSERT INTO Traits				
		(TraitType,													Name,														Description)
VALUES	('TRAIT_CIVILIZATION_SGA_SKYNET_RISE_OF_THE_MACHINES', 'LOC_TRAIT_CIVILIZATION_SGA_SKYNET_RISE_OF_THE_MACHINES_NAME', 'LOC_TRAIT_CIVILIZATION_SGA_SKYNET_RISE_OF_THE_MACHINES_DESCRIPTION'),
		('TRAIT_CIVILIZATION_SGA_SKYNET_HUNTER_KILLERS', 'LOC_TRAIT_CIVILIZATION_SGA_SKYNET_HUNTER_KILLERS_NAME', 'LOC_TRAIT_CIVILIZATION_SGA_SKYNET_HUNTER_KILLERS_DESCRIPTION'),
		('TRAIT_CIVILIZATION_SGA_SKYNET_BUILDING_FACILITIES', 'LOC_TRAIT_CIVILIZATION_SGA_SKYNET_BUILDING_FACILITIES_NAME', 'LOC_TRAIT_CIVILIZATION_SGA_SKYNET_BUILDING_FACILITIES_DESCRIPTION'),
		('TRAIT_CIVILIZATION_DISTRICT_SGA_SKYNET_CENTRAL', 'LOC_DISTRICT_SGA_SKYNET_CENTRAL_NAME', 'LOC_SGA_SKYNET_CENTRAL_DESCRIPTION'),
		('TRAIT_CIVILIZATION_DISTRICT_SGA_SKYNET_RESEARCH_FACILITIES', 'LOC_DISTRICT_SGA_SKYNET_RESEARCH_FACILITIES_NAME', 'LOC_SGA_SKYNET_RESEARCH_FACILITIES_DESCRIPTION'),
		('TRAIT_CIVILIZATION_DISTRICT_SGA_SKYNET_DEVELOPMENT_FACILITIES', 'LOC_DISTRICT_SGA_SKYNET_DEVELOPMENT_FACILITIES_NAME', 'LOC_SGA_SKYNET_DEVELOPMENT_FACILITIES_DESCRIPTION'),
		('TRAIT_CIVILIZATION_DISTRICT_SGA_SKYNET_ENCAMPMENT_FACILITIES', 'LOC_DISTRICT_SGA_SKYNET_ENCAMPMENT_FACILITIES_NAME', 'LOC_SGA_SKYNET_ENCAMPMENT_FACILITIES_DESCRIPTION');

-- TRAIT MODIFIERS					
INSERT OR IGNORE INTO TraitModifiers			
		(TraitType,	ModifierId)
VALUES	('TRAIT_CIVILIZATION_SGA_SKYNET_RISE_OF_THE_MACHINES', 'TRAIT_MODIFIER_NO_FOOD'),
		('TRAIT_CIVILIZATION_SGA_SKYNET_RISE_OF_THE_MACHINES', 'TRAIT_MODIFIER_NO_GROWTH'),
		('TRAIT_CIVILIZATION_SGA_SKYNET_RISE_OF_THE_MACHINES', 'TRAIT_MODIFIER_NEGATIVE_COMBAT_FROM_GDR'),
		('TRAIT_CIVILIZATION_SGA_SKYNET_RISE_OF_THE_MACHINES', 'TRAIT_MODIFIER_NEGATIVE_UNIT_MOVEMENT_IN_SEA'),
		('TRAIT_CIVILIZATION_SGA_SKYNET_RISE_OF_THE_MACHINES', 'TRAIT_MODIFIER_NEGATIVE_COMBAT_FROM_T800'),
		('TRAIT_CIVILIZATION_SGA_SKYNET_RISE_OF_THE_MACHINES', 'TRAIT_MODIFIER_NEGATIVE_COMBAT_FROM_HK_TANK'),
		('TRAIT_CIVILIZATION_SGA_SKYNET_RISE_OF_THE_MACHINES', 'TRAIT_MODIFIER_NEGATIVE_COMBAT_FROM_HK_SPIDER_TANK'),
		('TRAIT_CIVILIZATION_SGA_SKYNET_RISE_OF_THE_MACHINES', 'TRAIT_MODIFIER_NEGATIVE_COMBAT_FROM_HK_AERIAL'),
		('TRAIT_CIVILIZATION_SGA_SKYNET_RISE_OF_THE_MACHINES', 'TRAIT_ADD_SPY_CAPACITY');

-- MODIFIERS
INSERT OR IGNORE INTO Modifiers	
		(ModifierId, ModifierType, SubjectRequirementSetId)
VALUES	('TRAIT_MODIFIER_NO_FOOD', 'MODIFIER_PLAYER_CITIES_ADJUST_CITY_YIELD_CHANGE', NULL),
		('TRAIT_MODIFIER_NO_GROWTH', 'MODIFIER_PLAYER_CITIES_ADJUST_CITY_GROWTH', NULL),
		('TRAIT_MODIFIER_NEGATIVE_COMBAT_FROM_GDR', 'MODIFIER_PLAYER_UNITS_ADJUST_COMBAT_STRENGTH', 'NEGATIVE_COMBAT_FROM_GDR'),
		('TRAIT_MODIFIER_NEGATIVE_UNIT_MOVEMENT_IN_SEA', 'MODIFIER_PLAYER_UNITS_ADJUST_SEA_MOVEMENT', NULL),
		('TRAIT_MODIFIER_NEGATIVE_COMBAT_FROM_T800', 'MODIFIER_PLAYER_UNITS_ADJUST_COMBAT_STRENGTH', 'NEGATIVE_COMBAT_FROM_T800'),
		('TRAIT_MODIFIER_NEGATIVE_COMBAT_FROM_HK_TANK', 'MODIFIER_PLAYER_UNITS_ADJUST_COMBAT_STRENGTH', 'NEGATIVE_COMBAT_FROM_HK_TANK'),
		('TRAIT_MODIFIER_NEGATIVE_COMBAT_FROM_HK_SPIDER_TANK', 'MODIFIER_PLAYER_UNITS_ADJUST_COMBAT_STRENGTH', 'NEGATIVE_COMBAT_FROM_HK_SPIDER_TANK'),
		('TRAIT_MODIFIER_NEGATIVE_COMBAT_FROM_HK_AERIAL', 'MODIFIER_PLAYER_UNITS_ADJUST_COMBAT_STRENGTH', 'NEGATIVE_COMBAT_FROM_HK_AERIAL'),
		('TRAIT_ADD_SPY_CAPACITY', 'MODIFIER_PLAYER_GRANT_SPY', NULL);

-- MODIFIER ARGUMENTS
INSERT OR IGNORE INTO ModifierArguments -- IGNORE MOST LIKELY PREVENTS ERRORS BETWEEN XPS
		(ModifierId, Name, Value)
VALUES	('TRAIT_MODIFIER_NO_FOOD', 'YieldType', 'YIELD_FOOD'),
		('TRAIT_MODIFIER_NO_FOOD', 'Amount', '999'),
		('TRAIT_MODIFIER_NO_GROWTH', 'Amount', '-999'),
		('TRAIT_MODIFIER_NEGATIVE_COMBAT_FROM_GDR', 'Amount', '-30'),
		('TRAIT_MODIFIER_NEGATIVE_UNIT_MOVEMENT_IN_SEA', 'Amount', '-1'),
		('TRAIT_MODIFIER_NEGATIVE_COMBAT_FROM_T800', 'Amount', '-15'),
		('TRAIT_MODIFIER_NEGATIVE_COMBAT_FROM_HK_TANK', 'Amount', '-15'),
		('TRAIT_MODIFIER_NEGATIVE_COMBAT_FROM_HK_SPIDER_TANK', 'Amount', '-15'),
		('TRAIT_MODIFIER_NEGATIVE_COMBAT_FROM_HK_AERIAL', 'Amount', '-15'),
		('TRAIT_ADD_SPY_CAPACITY', 'Amount', '11');

INSERT OR IGNORE INTO RequirementSets (RequirementSetId, RequirementSetType)
VALUES	('NEGATIVE_COMBAT_FROM_GDR', 'REQUIREMENTSET_TEST_ANY'),
		('NEGATIVE_COMBAT_FROM_T800', 'REQUIREMENTSET_TEST_ANY'),
		('NEGATIVE_COMBAT_FROM_HK_TANK', 'REQUIREMENTSET_TEST_ANY'),
		('NEGATIVE_COMBAT_FROM_HK_SPIDER_TANK', 'REQUIREMENTSET_TEST_ANY'),
		('NEGATIVE_COMBAT_FROM_HK_AERIAL', 'REQUIREMENTSET_TEST_ANY');

INSERT OR IGNORE INTO RequirementSetRequirements (RequirementSetId, RequirementId)
VALUES	('NEGATIVE_COMBAT_FROM_GDR', 'REQUIREMENT_NEGATIVE_COMBAT_FROM_GDR'),
		('NEGATIVE_COMBAT_FROM_T800', 'REQUIREMENT_NEGATIVE_COMBAT_FROM_T800'),
		('NEGATIVE_COMBAT_FROM_HK_TANK', 'REQUIREMENT_NEGATIVE_COMBAT_FROM_HK_TANK'),
		('NEGATIVE_COMBAT_FROM_HK_SPIDER_TANK', 'REQUIREMENT_NEGATIVE_COMBAT_FROM_HK_SPIDER_TANK'),
		('NEGATIVE_COMBAT_FROM_HK_AERIAL', 'REQUIREMENT_NEGATIVE_COMBAT_FROM_HK_AERIAL');

INSERT OR IGNORE INTO Requirements (RequirementId, RequirementType)
VALUES	('REQUIREMENT_NEGATIVE_COMBAT_FROM_GDR', 'REQUIREMENT_OPPONENT_UNIT_TAG_MATCHES'),
		('REQUIREMENT_NEGATIVE_COMBAT_FROM_T800', 'REQUIREMENT_OPPONENT_UNIT_TAG_MATCHES'),
		('REQUIREMENT_NEGATIVE_COMBAT_FROM_HK_TANK', 'REQUIREMENT_OPPONENT_UNIT_TAG_MATCHES'), -- ABILITY CLASS TAGS
		('REQUIREMENT_NEGATIVE_COMBAT_FROM_HK_SPIDER_TANK', 'REQUIREMENT_OPPONENT_UNIT_TAG_MATCHES'),
		('REQUIREMENT_NEGATIVE_COMBAT_FROM_HK_AERIAL', 'REQUIREMENT_OPPONENT_UNIT_TAG_MATCHES');

INSERT OR IGNORE INTO RequirementArguments (RequirementId, Name, Value)
VALUES	('REQUIREMENT_NEGATIVE_COMBAT_FROM_GDR', 'Tag', 'CLASS_GIANT_DEATH_ROBOT'),
		('REQUIREMENT_NEGATIVE_COMBAT_FROM_T800', 'Tag', 'CLASS_SGA_SKYNET_T800'),
		('REQUIREMENT_NEGATIVE_COMBAT_FROM_HK_TANK', 'Tag', 'CLASS_SGA_SKYNET_HK_TANK'),
		('REQUIREMENT_NEGATIVE_COMBAT_FROM_HK_SPIDER_TANK', 'Tag', 'CLASS_SGA_SKYNET_HK_SPIDER_TANK'),
		('REQUIREMENT_NEGATIVE_COMBAT_FROM_HK_AERIAL', 'Tag', 'CLASS_SGA_SKYNET_HK_AERIAL');
		
-- CIV TRAITS
INSERT INTO CivilizationTraits	
		(TraitType,	CivilizationType)
VALUES	('TRAIT_CIVILIZATION_SGA_SKYNET_RISE_OF_THE_MACHINES', 'CIVILIZATION_SGA_SKYNET'),
		('TRAIT_CIVILIZATION_SGA_SKYNET_HUNTER_KILLERS', 'CIVILIZATION_SGA_SKYNET'),
		('TRAIT_CIVILIZATION_SGA_SKYNET_BUILDING_FACILITIES', 'CIVILIZATION_SGA_SKYNET'),
		('TRAIT_CIVILIZATION_DISTRICT_SGA_SKYNET_CENTRAL', 'CIVILIZATION_SGA_SKYNET'),
		('TRAIT_CIVILIZATION_DISTRICT_SGA_SKYNET_RESEARCH_FACILITIES', 'CIVILIZATION_SGA_SKYNET'),
		('TRAIT_CIVILIZATION_DISTRICT_SGA_SKYNET_DEVELOPMENT_FACILITIES', 'CIVILIZATION_SGA_SKYNET'),
		('TRAIT_CIVILIZATION_DISTRICT_SGA_SKYNET_ENCAMPMENT_FACILITIES', 'CIVILIZATION_SGA_SKYNET');

INSERT INTO ModifierStrings(ModifierId, Context, Text)
VALUES	('TRAIT_MODIFIER_NEGATIVE_COMBAT_FROM_GDR', 'Preview', 'LOC_TRAIT_MODIFIER_NEGATIVE_COMBAT_FROM_GDR_DESCRIPTION'),
		('TRAIT_MODIFIER_NEGATIVE_COMBAT_FROM_T800', 'Preview', 'LOC_TRAIT_MODIFIER_NEGATIVE_COMBAT_FROM_T800_DESCRIPTION'),
		('TRAIT_MODIFIER_NEGATIVE_COMBAT_FROM_HK_TANK', 'Preview', 'LOC_TRAIT_MODIFIER_NEGATIVE_COMBAT_FROM_HK_TANK_DESCRIPTION'),
		('TRAIT_MODIFIER_NEGATIVE_COMBAT_FROM_HK_SPIDER_TANK', 'Preview', 'LOC_TRAIT_MODIFIER_NEGATIVE_COMBAT_FROM_HK_SPIDER_TANK_DESCRIPTION'),
		('TRAIT_MODIFIER_NEGATIVE_COMBAT_FROM_HK_AERIAL', 'Preview', 'LOC_TRAIT_MODIFIER_NEGATIVE_COMBAT_FROM_HK_AERIAL_DESCRIPTION'),
		('TRAIT_MODIFIER_NEGATIVE_UNIT_MOVEMENT_IN_SEA', 'Preview', 'LOC_TRAIT_MODIFIER_NEGATIVE_UNIT_MOVEMENT_IN_SEA_DESCRIPTION');
		